00001,CCA Fair,17/01/2020,00010,00011,00046,00047,00049
00002,Open House,23/05/2020,00010,00011,00026,00038,00039,00040,00041,00042,00046,00047,00049
00003,Speech Day,25/07/2020,00001,00002,00003,00004,00007,00008,00009
00004,Staff Appreciation Day,03/09/2020,00001,00002,00003,00004,00007,00008,00009,00049
00005,Games Day,02/09/2020,00001,00002,00003,00004,00007,00008,00009
00006,SMO Senior,07/09/2020,00001,00049
00007,PO Test 2,15/09/2020,00056
00012,National Day Celebration,07/08/2020,00001,00002,00003,00004,00007,00008,00009
00013,SMO Open,08/09/2020,00049
00014,Deepavali Celebration,18/11/2020,00001,00002,00003,00004,00007,00008,00009,00049
